name,type,coordinates,,,,,,,,,
Burj s,point,55.2741265296936,25.197126488339308,,,,,,,,
Burj aa,point,55.2741265296936,25.197121488339308,,,,,,,,
Dubai s,polygon,55.27743101119995,25.20039803034769,55.27489900588989,25.198650630121943,55.28084278106689,25.19402960647009,55.283052921295166,25.197194444111723,55.27743101119995,25.20039803034769